panel_name,biomarker_name,synonyms,sample_type,gender_applicability,min_range,max_range,unit,critical_low,critical_high,plain_english_definition,low_value_meaning,high_value_meaning,associated_organs,diet_lifestyle_note
Complete Blood Count (CBC),Hemoglobin,"Hb, Hgb, Total Hemoglobin",Whole Blood (EDTA),All,12,15.5,g/dL,7,20,Vital oxygen-carrying protein contained inside red blood cells.,"Indicates anemia; reduces oxygen transport leading to fatigue, pallor, weakness, and dizziness.","Polycythemia; seen in chronic hypoxia, smoking, high altitude living, or bone marrow disorders.","Bone Marrow, Blood, Spleen","Consume dietary iron (leafy greens, lentils, beans) alongside Vitamin C to optimize absorption."
Complete Blood Count (CBC),RBC Count,"Red Blood Cell Count, Total RBC, Erythrocytes",Whole Blood (EDTA),All,4,5.5,mil/uL,2.5,7,Total number of circulating red blood cells in the bloodstream.,Reflects diminished cell production or acute/chronic hemolysis; typical in nutritional anemia.,Hemoconcentration from dehydration or primary polycythemia.,"Bone Marrow, Circulatory System",Maintain consistent daily hydration and consume foods rich in vitamin B12 and folate.
Complete Blood Count (CBC),White Blood Cell Count (WBC),"WBC, Total Leukocyte Count, TLC, Leukocytes",Whole Blood (EDTA),All,4.5,11,10^3/uL,2,30,Primary immune defense cells protecting against infections and foreign invaders.,Leukopenia; weakens immunity and elevates risk of opportunistic infections.,"Leukocytosis; indicates active bacterial/viral infection, severe stress, or systemic inflammation.","Immune System, Bone Marrow, Lymph Nodes","Support immune resilience with adequate sleep, antioxidant-rich foods, and proper hygiene."
Complete Blood Count (CBC),Platelet Count,"PLT, Platelets, Thrombocytes",Whole Blood (EDTA),All,150,450,10^3/uL,50,1000,Cellular fragments essential for physiological blood clotting and vascular repair.,"Thrombocytopenia; elevates risk of easy bruising, petechiae, and prolonged bleeding.","Thrombocytosis; reactive elevation due to systemic infection, chronic inflammation, or iron deficiency.","Bone Marrow, Spleen",Avoid vigorous contact sports if critically low until evaluated by a hematologist.
Complete Blood Count (CBC),Mean Corpuscular Volume (MCV),MCV,Whole Blood (EDTA),All,80,100,fL,65,120,Average physical size and volume of circulating red blood cells.,"Microcytic anemia; cells are undersized, characteristic of iron deficiency or thalassemia trait.","Macrocytic anemia; abnormally enlarged cells, classically caused by Vitamin B12 or folate deficiency.","Bone Marrow, Red Blood Cells",A peripheral blood smear and vitamin deficiency workup is advised if abnormal.
Complete Blood Count (CBC),Hematocrit (PCV),"PCV, Packed Cell Volume, HCT",Whole Blood (EDTA),All,36,48,%,20,60,Percentage proportion of total blood volume occupied by red blood cells.,"Suggests low blood volume concentration, overhydration, or anemia.",Observed in severe acute dehydration or polycythemia vera.,Circulatory System,Maintain balanced electrolyte and fluid intake.
Complete Blood Count (CBC),Neutrophils,"Neutrophil Count, Absolute Neutrophil Count, ANC",Whole Blood (EDTA),All,40,70,%,15,85,First-responder white blood cells specialized in fighting acute bacterial infections.,Neutropenia; severely reduces defenses against bacterial invasion.,Neutrophilia; hallmark sign of active acute bacterial infection or tissue injury.,"Bone Marrow, Immune System",Practice strict infection avoidance if neutropenic.
Complete Blood Count (CBC),Lymphocytes,"Lymphocyte Count, Absolute Lymphocytes",Whole Blood (EDTA),All,20,40,%,10,65,"Specialized adaptive immune cells (T-cells, B-cells) that fight viral pathogens.","Lymphopenia; seen in acute viral infections, steroid use, or immune suppression.","Lymphocytosis; typical response to viral illnesses (mononucleosis, flu, measles).","Lymph Nodes, Spleen",Ensure restorative rest and hydration during viral recovery.
Complete Blood Count (CBC),Eosinophils,"Eosinophil Count, Absolute Eosinophils",Whole Blood (EDTA),All,1,6,%,0,20,Granulocyte immune cells involved in allergic responses and combating parasites.,Generally non-significant clinically.,"Eosinophilia; classic marker for allergic diseases (asthma, eczema) or parasitic infections.","Immune System, Lungs, Gut",Track potential food or environmental allergen triggers.
Kidney Function Test (KFT),Serum Creatinine,"Creatinine, Creat, S. Creatinine",Serum,All,0.6,1.2,mg/dL,0.3,3,"Metabolic waste from normal muscle breakdown, cleared exclusively by glomerular filtration.","Rare; seen with severe muscle wasting, advanced liver disease, or prolonged bed rest.","Indicates reduced kidney filtration efficiency, dehydration, or renal impairment.",Kidneys,Avoid self-medicating with non-steroidal anti-inflammatory drugs (NSAIDs) like ibuprofen.
Kidney Function Test (KFT),Blood Urea Nitrogen (BUN),"BUN, Blood Urea",Serum,All,7,20,mg/dL,3,60,"Nitrogen quantity in blood formed from hepatic protein catabolism, excreted by kidneys.","Seen in low-protein diets, severe liver disease, or overhydration.","Suggests impaired renal excretion, dehydration, high-protein intake, or gastrointestinal bleeding.","Kidneys, Liver",Maintain consistent fluid intake and ensure balanced dietary protein.
Kidney Function Test (KFT),Serum Uric Acid,"Uric Acid, Blood Uric Acid",Serum,All,3.5,7.2,mg/dL,1.5,11,Byproduct chemical generated when the body metabolizes purine nucleosides.,Rarely significant; can be observed on strict low-purine diets.,Hyperuricemia; crystals can precipitate in joints causing acute gout attacks or nephrolithiasis.,"Kidneys, Joints","Moderate consumption of purine-dense foods (red meat, seafood, beer, high-fructose syrups)."
Kidney Function Test (KFT),Estimated GFR (eGFR),"eGFR, Glomerular Filtration Rate",Serum,All,90,120,mL/min/1.73m2,15,150,Calculated estimate of the filtering capacity of the kidney glomeruli.,eGFR < 60 indicates chronic kidney disease; eGFR < 15 indicates kidney failure.,"Normal, healthy filtration capacity.",Kidneys,Control blood pressure and blood glucose to preserve filtration function.
Liver Function Test (LFT),Alanine Aminotransferase (ALT),"ALT, SGPT, Serum Glutamic Pyruvic Transaminase",Serum,All,7,56,U/L,0,300,Intracellular hepatic enzyme that leaks into circulation during hepatocellular injury.,Low levels are physiologically normal and expected.,"Indicates hepatocellular inflammation, non-alcoholic fatty liver disease (NAFLD), or hepatitis.",Liver,"Eliminate alcohol, reduce refined sugars, and engage in daily physical exercise."
Liver Function Test (LFT),Aspartate Aminotransferase (AST),"AST, SGOT, Serum Glutamic Oxaloacetic Transaminase",Serum,All,10,40,U/L,0,250,"Enzyme concentrated in liver, cardiac myocytes, and skeletal muscle tissue.",Normal expected finding.,Indicates liver injury (AST > ALT often in alcohol-related injury) or intense muscle breakdown.,"Liver, Heart, Skeletal Muscle",Evaluate concurrent medications and avoid heavy alcohol intake.
Liver Function Test (LFT),Alkaline Phosphatase (ALP),"ALP, Alk Phos",Serum,All,44,147,U/L,20,400,Enzyme associated with bile canaliculi and actively remodeling osteoblasts.,Can occur with zinc deficiency or severe malnutrition.,"Indicates biliary obstruction (gallstones, cholestasis) or active bone turnover/healing.","Liver, Bile Ducts, Bones",Consult for an abdominal ultrasound if right-upper-quadrant pain is present.
Liver Function Test (LFT),Total Bilirubin,"TBIL, Total Bilirubin, S. Bilirubin",Serum,All,0.2,1.2,mg/dL,0,3,Yellow breakdown pigment from normal erythrocyte catabolism processed by hepatocytes.,Completely benign with no adverse diagnostic meaning.,"Causes visible jaundice; indicates biliary obstruction, hepatic failure, or active hemolysis.","Liver, Gallbladder, Blood",Ensure adequate hydration and avoid high-fat meals if biliary colic is suspected.
Liver Function Test (LFT),Direct Bilirubin,"Conjugated Bilirubin, DBIL",Serum,All,0,0.3,mg/dL,0,2,Water-soluble bilirubin conjugated by liver enzymes for excretion into bile.,Expected physiological baseline.,"Indicates post-hepatic biliary blockage (choledocholithiasis, stricture) or hepatitis.","Liver, Bile Ducts",Requires medical assessment to differentiate obstructive vs. hepatocellular causes.
Liver Function Test (LFT),Serum Albumin,"Albumin, S. Albumin",Serum,All,3.5,5,g/dL,2,6.5,Major circulating oncotic protein synthesized by hepatocytes to retain vascular fluid.,"Hypoalbuminemia; suggests advanced liver cirrhosis, nephrotic syndrome, or malnutrition.",Typically caused by acute dehydration and hemoconcentration.,"Liver, Kidneys, Blood Vessels","Incorporate high-quality dietary proteins (eggs, legumes, Greek yogurt, fish)."
Liver Function Test (LFT),Gamma-Glutamyl Transferase (GGT),"GGT, GGTP",Serum,All,9,48,U/L,0,200,Sensitive enzyme present in biliary epithelial cells and endoplasmic reticulum of hepatocytes.,Expected and normal.,"Very sensitive indicator of bile duct irritation, chronic alcohol consumption, or toxic liver injury.","Bile Ducts, Liver",Abstain from alcohol if elevated; monitor alongside ALP.
Lipid Profile,Total Cholesterol,"Cholesterol Total, TC",Serum (Fasting),All,125,200,mg/dL,90,300,"Total sterol lipid circulating in lipoproteins, required for cell membranes and steroid hormones.","May accompany severe malnutrition, malabsorption, or severe liver impairment.",Hypercholesterolemia; major contributor to atherogenesis and coronary artery disease.,"Heart, Arteries, Liver",Reduce dietary saturated and trans fats; increase soluble oat fiber and plant sterols.
Lipid Profile,Triglycerides,"TG, Triglyceride Fasting",Serum (Fasting),All,50,150,mg/dL,20,500,"Primary storage lipid circulating in blood, synthesized from excess dietary calories.",Common in very low-fat diets or malabsorption.,Increases cardiovascular risk; severe elevations (>500 mg/dL) trigger acute pancreatitis.,"Heart, Pancreas, Adipose Tissue","Eliminate refined sugar beverages, cut simple starches, and stop alcohol consumption."
Lipid Profile,HDL Cholesterol,"HDL, High-Density Lipoprotein, Good Cholesterol",Serum (Fasting),All,40,60,mg/dL,25,100,'Good' anti-atherogenic lipoprotein that shuttles cholesterol back to the liver for excretion.,Low HDL increases risk of cardiovascular disease.,Generally considered cardioprotective.,"Heart, Blood Vessels",Engage in regular aerobic cardio workouts and consume healthy omega-3 fatty acids.
Lipid Profile,LDL Cholesterol,"LDL, Low-Density Lipoprotein, Bad Cholesterol",Serum (Fasting),All,50,100,mg/dL,30,190,'Bad' atherogenic lipoprotein that deposits cholesterol inside the subendothelial arterial wall.,Desirable in high-risk cardiac patients; rarely indicates nutritional deficit.,Significantly heightens lifetime risk of myocardial infarction and ischemic stroke.,"Heart, Coronary Arteries","Strictly minimize deep-fried items, commercial bakery pastries, and hydrogenated oils."
Diabetic Profile,Fasting Blood Sugar,"FBS, Fasting Glucose, Blood Glucose Fasting",Fluoride Plasma / Blood,All,70,99,mg/dL,50,250,Blood glucose concentration following an 8 to 12-hour overnight fast.,"Hypoglycemia; triggers shakiness, diaphoresis, tachycardia, mental confusion, and syncope.",100–125 mg/dL indicates prediabetes; ≥ 126 mg/dL confirms diabetes mellitus.,"Pancreas, Circulatory System","Prioritize low-glycemic complex carbs, leafy greens, and balanced proteins."
Diabetic Profile,Postprandial Blood Sugar,"PPBS, Postprandial Glucose, 2-Hour Post Lunch Glucose",Fluoride Plasma / Blood,All,80,140,mg/dL,60,300,Blood glucose concentration measured exactly 2 hours after commencing a meal.,Reactive hypoglycemia caused by hyperinsulinemia.,140–199 mg/dL indicates impaired glucose tolerance; ≥ 200 mg/dL diagnostic of diabetes.,Pancreas,Take a 15-minute brisk walk post-meal to mitigate glucose excursion.
Diabetic Profile,HbA1c,"Glycated Hemoglobin, A1c, Glycosylated Hemoglobin",Whole Blood (EDTA),All,4,5.6,%,3.5,10,"Percentage of hemoglobin with bound glucose, reflecting the average 3-month glycemic control.",Observed in chronic hemolytic anemia or following acute blood loss.,5.7%–6.4% indicates prediabetes; ≥ 6.5% establishes chronic diabetes mellitus.,"Pancreas, Blood Vessels, Eyes, Nerves",Implement structured carbohydrate counting and consistent physical movement.
Thyroid Profile,Thyroid Stimulating Hormone (TSH),"TSH, Ultrasensitive TSH, Thyrotropin",Serum,All,0.4,4.5,uIU/mL,0.1,15,Anterior pituitary hormone regulating thyroid gland synthesis of metabolic hormones.,"Suppressed TSH indicates hyperthyroidism (causing palpitations, anxiety, heat intolerance, weight loss).","Elevated TSH indicates primary hypothyroidism (causing lethargy, weight gain, constipation, depression).","Thyroid Gland, Pituitary Gland",Ensure adequate dietary iodine intake; consult an endocrinologist for dosage titration.
Thyroid Profile,Free Triiodothyronine (FT3),"FT3, Free T3",Serum,All,2.3,4.2,pg/mL,1,8,Unbound biologically active hormone driving cellular metabolism and cardiac rate.,Observed in advanced hypothyroidism or non-thyroidal systemic critical illness.,"Confirms clinical hyperthyroidism (Graves' disease, toxic multinodular goiter).",Thyroid Gland,Must be evaluated strictly in correlation with TSH and FT4 levels.
Thyroid Profile,Free Thyroxine (FT4),"FT4, Free T4",Serum,All,0.8,1.8,ng/dL,0.3,3.5,"Unbound prohormone secreted by the thyroid gland, peripherally deiodinated into FT3.",Indicates primary hypothyroid function.,Indicates primary hyperthyroid state.,Thyroid Gland,Take prescribed levothyroxine fasting with a full glass of water 60 minutes before food.
Vitamins & Nutritional Panel,Vitamin D (25-Hydroxy),"Vitamin D, 25-OH Vitamin D, Calcidiol, 25(OH)D",Serum,All,30,100,ng/mL,10,150,"Fat-soluble secosteroid essential for intestinal calcium uptake, bone density, and immune balance.","Deficiency (<20 ng/mL) causes osteomalacia, osteopenia, diffuse muscle aches, and fatigue.","Hypervitaminosis D; can lead to hypercalcemia, soft-tissue calcification, and renal stones.","Bones, Immune System, Kidneys","Regular safe morning sunlight exposure, fortified milk, egg yolks, and supplemental D3."
Vitamins & Nutritional Panel,Vitamin B12,"B12, Cobalamin, Cyanocobalamin",Serum,All,200,900,pg/mL,100,1500,"Cobalt-containing vitamin necessary for axonal myelin preservation, DNA synthesis, and RBC creation.","Severe deficiency causes peripheral neuropathy, brain fog, fatigue, and megaloblastic anemia.",Excess is typically cleared in urine; unexplained spikes may indicate hepatic disease.,"Central Nervous System, Bone Marrow",Essential for vegetarians and vegans to supplement or consume fortified foods.
Serum Electrolytes,Serum Sodium,"Sodium, Na+",Serum,All,135,145,mEq/L,120,160,"Primary extracellular cation regulating osmolality, total water balance, and action potentials.","Hyponatremia; can cause nausea, headache, cerebral edema, confusion, and seizures.","Hypernatremia; typically indicates water deficit, dehydration, or diabetes insipidus.","Brain, Kidneys, Adrenal Glands",Rehydrate with oral rehydration salts rather than hypotonic free water if depleted.
Serum Electrolytes,Serum Potassium,"Potassium, K+",Serum,All,3.5,5.1,mEq/L,2.8,6.5,Critical intracellular cation controlling cardiac electrical conductivity and neuromuscular excitability.,"Hypokalemia; causes profound muscle weakness, paralytic ileus, and ventricular arrhythmias.",Hyperkalemia; critical medical emergency risking fatal cardiac arrhythmias and asystole.,"Heart, Skeletal Muscle, Kidneys","Bananas, coconut water, potatoes, and citrus fruits are high in potassium."
Serum Electrolytes,Serum Calcium,"Calcium Total, Ca2+",Serum,All,8.5,10.2,mg/dL,6.5,13,"Most abundant mineral in the body; critical for bone structure, clotting cascade, and heart contraction.","Hypocalcemia; causes neuromuscular irritability, tetany, carpopedal spasm, and perioral numbness.","Hypercalcemia; seen in hyperparathyroidism, sarcoidosis, or occult bone malignancy.","Parathyroid Glands, Bones, Heart","Pair calcium-rich foods (dairy, ragi, sesame) with adequate vitamin D for absorption."
Serum Electrolytes,Serum Chloride,"Chloride, Cl-",Serum,All,96,106,mEq/L,80,120,Major extracellular anion maintaining electrical neutrality and acid-base equilibrium.,Seen with prolonged vomiting (loss of HCl) or metabolic alkalosis.,"Seen with severe dehydration, kidney dysfunction, or metabolic acidosis.","Kidneys, Stomach",Maintain electrolyte homeostasis through balanced hydration.
Inflammatory & Cardiac Markers,C-Reactive Protein (CRP),"CRP, S. CRP, C-Reactive Protein Quantitative",Serum,All,0,5,mg/L,0,50,Acute-phase hepatic protein that rises precipitously during inflammation or bacterial infection.,Minimal values confirm the absence of active systemic acute-phase inflammation.,"Points to active bacterial infections, autoimmune flares (rheumatoid arthritis, lupus), or trauma.","Liver, Blood Vessels","Anti-inflammatory nutrition (turmeric, olive oil, berries) supports chronic inflammation management."
Inflammatory & Cardiac Markers,High-Sensitivity CRP (hs-CRP),"hs-CRP, Cardiac CRP",Serum,All,0,1,mg/L,0,10,High-sensitivity assay measuring low-grade vascular inflammation to gauge coronary risk.,Optimal low cardiovascular risk (<1.0 mg/L).,Levels >3.0 mg/L indicate high cardiovascular risk for atherosclerosis and plaque rupture.,"Coronary Arteries, Heart","Address lifestyle risk factors, increase physical activity, and control cholesterol."
Inflammatory & Cardiac Markers,Erythrocyte Sedimentation Rate (ESR),"ESR, Westergren Sed Rate",Whole Blood,All,0,20,mm/hr,0,80,Nonspecific rate at which erythrocytes settle under gravity in 1 hour.,Expected normal baseline.,"Non-specific marker for infection, connective tissue diseases, arthritis, or chronic kidney disease.","Immune System, Connective Tissue",Must be interpreted alongside CRP and clinical symptom presentations.
Inflammatory & Cardiac Markers,Troponin-I,"High-Sensitivity Troponin I, hs-cTnI",Serum,All,0,0.04,ng/mL,0,0.4,Contractile cardiac regulatory protein released exclusively upon myocardial cell death.,Normal baseline; rules out recent myocardial infarction if measured serially.,Critical indicator of acute myocardial infarction (heart attack) or acute myocarditis.,Heart (Myocardium),Requires emergency medical intervention in an emergency room or coronary care unit.
Iron Profile,Serum Ferritin,"Ferritin, S. Ferritin",Serum,All,20,250,ng/mL,10,1000,Intracellular hollow protein shell storing elemental iron safely in tissues.,Gold-standard test for depleted iron stores; proves iron deficiency before overt anemia develops.,Elevated in hereditary hemochromatosis (iron overload) or as an acute-phase inflammatory marker.,"Liver, Bone Marrow, Spleen","If low, oral iron replacement with citrus juice is indicated."
Iron Profile,Serum Iron,"Iron, Total Iron",Serum,All,60,170,ug/dL,30,300,Immediate circulating iron bound to carrier transferrin in bloodstream.,"Indicates dietary deficiency, active blood loss, or impaired absorption (celiac disease).","Iron poisoning, repeated blood transfusions, or metabolic storage defects.","Circulatory System, Liver",Avoid taking iron supplements together with tea or coffee as tannins inhibit absorption.
Iron Profile,Total Iron Binding Capacity (TIBC),TIBC,Serum,All,240,450,ug/dL,150,600,Capacity of serum transferrin proteins to bind additional iron ions.,"Low TIBC occurs in iron overload, malnutrition, or chronic systemic inflammatory disease.",High TIBC is a classic physiological compensation seen in true iron deficiency anemia.,"Liver, Blood",Used in tandem with serum iron to calculate transferrin saturation percentage.
Coagulation Profile,Prothrombin Time (PT),"PT, Pro Time",Citrated Plasma,All,11,13.5,seconds,8,30,Time required for plasma to form a fibrin clot via extrinsic and common pathways.,Accelerated clotting; rare clinical relevance.,"Prolonged clotting; seen with warfarin therapy, Vitamin K deficiency, or hepatic synthetic failure.","Liver, Coagulation Factors",Requires evaluation of bleeding risk before invasive procedures.
Coagulation Profile,International Normalized Ratio (INR),INR,Citrated Plasma,All,0.8,1.2,ratio,0.5,4.5,"Standardized global calculation of PT to monitor oral anticoagulant therapy (e.g., warfarin).",Indicates sub-therapeutic anticoagulation in treated patients.,Elevated bleeding risk; therapeutically targeted between 2.0–3.0 in atrial fibrillation or DVT.,"Liver, Blood Vessels",Strict compliance with prescribed anticoagulant doses and regular dietary Vitamin K consistency.
Coagulation Profile,D-Dimer,D-Dimer Quantitative,Citrated Plasma,All,0,0.5,ug/mL,0,5,Protein fibrin degradation fragment produced when an existing blood clot is broken down.,Strong negative predictive value; reliably rules out deep vein thrombosis or pulmonary embolism.,"Indicates active clot degradation (DVT, PE, DIC) or recent surgery and trauma.","Circulatory System, Lungs",Prompt diagnostic imaging (ultrasound or CT angiography) warranted if clinically suspicious.
Pancreatic Profile,Serum Amylase,"Amylase, S. Amylase",Serum,All,28,100,U/L,10,400,Digestive enzyme synthesized by acinar pancreatic cells and salivary glands to digest starch.,Rarely of diagnostic concern.,Marked elevation (>3x upper limit) is a classic indicator of acute pancreatitis.,"Pancreas, Salivary Glands",Avoid high-fat meals and alcohol; seek immediate evaluation for severe epigastric pain.
Pancreatic Profile,Serum Lipase,"Lipase, S. Lipase",Serum,All,10,60,U/L,0,300,Enzyme synthesized by the pancreas that hydrolyzes dietary triglycerides into fatty acids.,Expected normal baseline.,More specific and longer-lasting than amylase for diagnosing acute pancreatitis.,Pancreas,Requires clinical correlation with abdominal CT imaging.
Urine Routine & Examination,Urine Protein,"Urine Albumin, Albuminuria",Urine,All,0,0,mg/dL,0,300,Presence of albumin/protein molecules leaking through glomerular filtration barrier into urine.,Normal finding (should be completely negative).,"Proteinuria; hallmark sign of diabetic nephropathy, hypertensive kidney damage, or glomerulonephritis.",Kidneys (Glomerulus),Tight blood pressure control with ACE inhibitors/ARBs preserves renal integrity.
Urine Routine & Examination,Urine Glucose,"Glucosuria, Urine Sugar",Urine,All,0,0,mg/dL,0,500,Glucose excreted into urine when blood glucose exceeds renal tubular threshold (~180 mg/dL).,Normal finding (negative).,Indicates significant uncontrolled hyperglycemia or rare renal glycosuria.,"Kidneys, Pancreas",Immediate capillary blood sugar evaluation recommended.
Urine Routine & Examination,Urine Pus Cells (WBC),"Pus Cells, Urine Leukocytes",Urine,All,0,5,HPF,0,50,Number of white blood cells visible in urine sediment under high-power microscopic field.,Normal baseline in sterile urine.,"Pyuria; classic indication of urinary tract infection (cystitis, pyelonephritis) or urethritis.","Bladder, Ureters, Kidneys",Increase fluid intake and consult for urine culture and appropriate antibiotics.
Urine Routine & Examination,Urine Red Blood Cells (RBC),"Microscopic Hematuria, Urine RBC",Urine,All,0,2,HPF,0,30,Presence of erythrocytes leaking into the urinary collecting system.,Normal finding in healthy urine.,"Hematuria; can stem from urinary calculi (kidney stones), severe infection, or urothelial neoplasms.","Kidneys, Bladder, Prostate",Urological ultrasound or cystoscopy indicated if painless hematuria persists.
Urine Routine & Examination,Urine Specific Gravity,Specific Gravity,Urine,All,1.005,1.03,ratio,1.001,1.04,"Concentration ratio of urine relative to pure water, measuring renal concentrating ability.",Hyposthenuria; indicates high fluid intake or diabetes insipidus.,Hypersthenuria; classic sign of dehydration or glycosuria.,Kidneys,"Maintain steady, balanced fluid intake throughout the day."
Oncology / Tumor Markers,Prostate-Specific Antigen (Total PSA),"PSA, Total PSA, S. PSA",Serum,Male,0,4,ng/mL,0,20,Glycoprotein synthesized by prostatic epithelial cells into seminal fluid and serum.,Normal and reassuring finding in adult males.,"Elevations suggest benign prostatic hyperplasia (BPH), prostatitis, or prostate adenocarcinoma.",Prostate Gland,Requires digital rectal examination and urological review.
Oncology / Tumor Markers,Free PSA,"Free Prostate-Specific Antigen, fPSA",Serum,Male,0.25,1,ratio,0.1,1,Unbound PSA fraction; Free-to-Total PSA ratio helps differentiate benign BPH from prostate cancer.,"Low Free PSA ratio (<10%) raises suspicion of malignancy, prompting biopsy.",Higher Free PSA ratio (>25%) favors benign prostate enlargement over cancer.,Prostate Gland,Utilized specifically when Total PSA is borderline (4.0–10.0 ng/mL).
Oncology / Tumor Markers,Cancer Antigen 125 (CA 125),"CA-125, CA 125, Carbohydrate Antigen 125",Serum,Female,0,35,U/mL,0,100,Surface antigen glycoprotein tracked in gynecological and peritoneal conditions.,Normal healthy female baseline.,"Elevated in epithelial ovarian carcinoma; mild rises also occur in endometriosis, fibroids, and pelvic inflammation.","Ovaries, Peritoneum",Pelvic transvaginal ultrasound or MRI indicated if values are abnormal.
Oncology / Tumor Markers,Carcinoembryonic Antigen (CEA),"CEA, S. CEA",Serum,All,0,3,ng/mL,0,20,"Glycoprotein oncofetal antigen utilized for tracking colorectal, gastrointestinal, and lung tumors.",Expected adult non-smoker baseline.,"Elevated in colorectal, gastric, or pancreatic adenocarcinoma; slight elevations in chronic smokers.","Colon, Rectum, GI Tract",Must be correlated with colonoscopy and diagnostic tissue biopsy.
Oncology / Tumor Markers,Cancer Antigen 19-9 (CA 19-9),"CA 19-9, Carbohydrate Antigen 19-9",Serum,All,0,37,U/mL,0,120,Sialylated Lewis blood group antigen used in monitoring hepatobiliary and pancreatic conditions.,Normal healthy tissue baseline.,"Elevated in pancreatic adenocarcinoma, cholangiocarcinoma, or benign gallstone biliary obstruction.","Pancreas, Gallbladder, Bile Ducts",Paired with contrast abdominal CT or magnetic resonance cholangiopancreatography (MRCP).
Oncology / Tumor Markers,Cancer Antigen 15-3 (CA 15-3),"CA 15-3, CA-15-3",Serum,Female,0,30,U/mL,0,100,Mucin-derived glycoprotein antigen used in monitoring treatment response in breast cancer.,Standard baseline level.,Elevations seen in advanced or metastatic breast carcinoma; used to evaluate treatment response.,Breast Tissue,Used primarily for disease monitoring during therapy rather than population screening.
Oncology / Tumor Markers,Alpha-Fetoprotein (AFP),"AFP, Serum AFP",Serum,All,0,8,ng/mL,0,200,Major fetal plasma protein synthesized by fetal liver; tracked in adults for liver and germ cell tumors.,Normal adult non-pregnant baseline.,Marked elevation suggests hepatocellular carcinoma (primary liver cancer) or germ cell tumors.,"Liver, Testes, Ovaries",Patients with chronic Hepatitis B/C or cirrhosis undergo surveillance with AFP and ultrasound.
Histopathology / Biopsy Parameters,Estrogen Receptor (ER) Status,"ER Status, ER by IHC",Tissue Biopsy,Female,1,100,%,0,100,Nuclear hormone receptor percentage in breast tumor cells; determines hormone receptor positivity.,ER Negative (<1%); tumor does not respond to anti-estrogen endocrine therapies.,ER Positive (≥1%); tumor growth is stimulated by estrogen; highly responsive to endocrine therapy.,Breast Tissue,"Guides targeted adjuvant hormonal therapy (e.g., tamoxifen or aromatase inhibitors)."
Histopathology / Biopsy Parameters,Progesterone Receptor (PR) Status,"PR Status, PR by IHC",Tissue Biopsy,Female,1,100,%,0,100,Nuclear steroid hormone receptor; evaluated alongside ER in breast carcinoma specimens.,PR Negative (<1%); indicates lower hormone responsiveness.,PR Positive (≥1%); favorable predictive marker for endocrine therapy response.,Breast Tissue,Evaluated in combination with ER and HER2 status to guide oncology management.
Histopathology / Biopsy Parameters,HER2/neu Oncoprotein,"HER2 Status, c-erbB-2 by IHC",Tissue Biopsy,All,0,1,Score,0,3,Human epidermal growth factor receptor 2 protein overexpressed on cell surfaces of certain cancers.,HER2 Negative (Score 0 or 1+); tumor lacks HER2 gene amplification.,"HER2 Positive (Score 3+); aggressive tumor biology, but highly treatable with anti-HER2 targeted monoclonal antibodies.","Breast Tissue, Stomach",Score 2+ requires confirmatory FISH (Fluorescent In Situ Hybridization) testing.
Histopathology / Biopsy Parameters,Ki-67 Proliferation Index,"Ki-67, MIB-1 Labeling Index",Tissue Biopsy,All,0,14,%,0,100,Nuclear cellular protein marker that quantifies the fraction of tumor cells actively dividing.,"Low proliferation (<14%); slower-growing, less aggressive tumor behavior.","High proliferation (>20-30%); rapidly dividing tumor cells, indicating higher histological grade.",Cellular Nuclei,Crucial metric in determining whether adjuvant chemotherapy is warranted.
Histopathology / Biopsy Parameters,Surgical Margin Status,"Resection Margins, Margin Clearance",Tissue Biopsy,All,1,10,mm,0,50,Distance from the outermost edge of resected tumor tissue to the ink-marked surgical cut boundary.,"Positive margin (0 mm / tumor touches ink); residual microscopic disease likely present, often requiring re-excision.",Negative / Clear margin (>1 mm); complete macroscopic and microscopic removal achieved.,Surgical Resection Bed,Clear margins significantly reduce the probability of local disease recurrence.
